Phylum,Class,Order,Family,Genus,Species,haplotype,sequences
Annelida,Clitellata,Crassiclitellata,Acanthodrilidae,AcanthodrilidaeGEN,sp. DPEW97535,haplo_1221,CCTATCTTCTGGAACTGCCCATGCAGGAGCTTCAGTAGATTTAGCCATTTTTTCTTTGCATTTAGCAGGGATTTCCTCTATTTTAGGGGCTGTAAATTTTATTACAACAGTTATTAATATACGATCTAATGGTATTACTTTA
Arthropoda,Insecta,Diptera,Chironomidae,Orthocladius,NA,haplo_1221,CCTATCTTCTGGAACTGCCCATGCAGGAGCTTCAGTAGATTTAGCCATTTTTTCTTTGCATTTAGCAGGGATTTCCTCTATTTTAGGGGCTGTAAATTTTATTACAACAGTTATTAATATACGATCTAATGGTATTACTTTA
Arthropoda,Insecta,Diptera,Chironomidae,Orthocladius,NA,haplo_1221,CCTATCTTCTGGAACTGCCCATGCAGGAGCTTCAGTAGATTTAGCCATTTTTTCTTTGCATTTAGCAGGGATTTCCTCTATTTTAGGGGCTGTAAATTTTATTACAACAGTTATTAATATACGATCTAATGGTATTACTTTA
Arthropoda,Insecta,Diptera,Chironomidae,Orthocladius,NA,haplo_2934,CCTATCTTCAGGGATTGCTCATGCCGGAGCATCTGTTGATTTAGCTATTTTTTCTTTACATTTGGCAGGGATTTCTTCTATTTTAGGAGCTGTTAATTTTATTACTACAGTTATCAATATACGTTCAAATGGTATTACATTA
Arthropoda,Insecta,Diptera,Chironomidae,Orthocladius,NA,haplo_2934,CCTATCTTCAGGGATTGCTCATGCCGGAGCATCTGTTGATTTAGCTATTTTTTCTTTACATTTGGCAGGGATTTCTTCTATTTTAGGAGCTGTTAATTTTATTACTACAGTTATCAATATACGTTCAAATGGTATTACATTA
Arthropoda,Ostracoda,Podocopida,Cyprididae,Cypridopsis,vidua,haplo_3969,TCTTTCTGCTGGAATTGCTCACGCTGGAGCTTCAGTTGACTTAGCTATTTTTTCCCTACATTTAGCTGGAATTTCTTCTATTTTAGGAGCAGTTAATTTTATTACAACTGTAATTAATATACGATCTGAAGGAATTACCTTA
Arthropoda,Insecta,Diptera,Chironomidae,NA,NA,haplo_3969,TCTTTCTGCTGGAATTGCTCACGCTGGAGCTTCAGTTGACTTAGCTATTTTTTCCCTACATTTAGCTGGAATTTCTTCTATTTTAGGAGCAGTTAATTTTATTACAACTGTAATTAATATACGATCTGAAGGAATTACCTTA
Arthropoda,Insecta,Diptera,Chironomidae,NA,NA,haplo_3969,TCTTTCTGCTGGAATTGCTCACGCTGGAGCTTCAGTTGACTTAGCTATTTTTTCCCTACATTTAGCTGGAATTTCTTCTATTTTAGGAGCAGTTAATTTTATTACAACTGTAATTAATATACGATCTGAAGGAATTACCTTA
Arthropoda,Insecta,Diptera,Empididae,Hemerodromia,sinclairi,haplo_4750,ATTATCATCTGGAATTGCTCATGCCGGAGCATCAGTTGACTTGGCAATTTTCTCTCTACATTTAGCTGGGATTTCTTCTATTTTGGGGGCCGTAAATTTTATTACAACAGTAATTAATATACGGTCTGAAGGAATTACTTTA
Arthropoda,Insecta,Diptera,Chironomidae,Cricotopus,trifascia,haplo_4750,ATTATCATCTGGAATTGCTCATGCCGGAGCATCAGTTGACTTGGCAATTTTCTCTCTACATTTAGCTGGGATTTCTTCTATTTTGGGGGCCGTAAATTTTATTACAACAGTAATTAATATACGGTCTGAAGGAATTACTTTA
Arthropoda,Insecta,Diptera,Chironomidae,Cricotopus,trifascia,haplo_4750,ATTATCATCTGGAATTGCTCATGCCGGAGCATCAGTTGACTTGGCAATTTTCTCTCTACATTTAGCTGGGATTTCTTCTATTTTGGGGGCCGTAAATTTTATTACAACAGTAATTAATATACGGTCTGAAGGAATTACTTTA
Arthropoda,Insecta,Hymenoptera,NA,NA,NA,haplo_5007,TCTTTCATCGGGAATTGCTCATGCTGGGGGATCCGTTGATTTAGCTATTTTTTCTCTACATTTAGCTGGTATTTCTTCAATTTTAGGGGCTGTAAATTTTATTACAACTGTTATTAATATGCGTTCAGAAGGAATCACACTA
Arthropoda,Insecta,Diptera,Chironomidae,NA,NA,haplo_5007,TCTTTCATCGGGAATTGCTCATGCTGGGGGATCCGTTGATTTAGCTATTTTTTCTCTACATTTAGCTGGTATTTCTTCAATTTTAGGGGCTGTAAATTTTATTACAACTGTTATTAATATGCGTTCAGAAGGAATCACACTA
Arthropoda,Insecta,Diptera,Chironomidae,NA,NA,haplo_5007,TCTTTCATCGGGAATTGCTCATGCTGGGGGATCCGTTGATTTAGCTATTTTTTCTCTACATTTAGCTGGTATTTCTTCAATTTTAGGGGCTGTAAATTTTATTACAACTGTTATTAATATGCGTTCAGAAGGAATCACACTA
Arthropoda,Insecta,Diptera,Chironomidae,Limnophyes,NA,haplo_5272,ACTATCCTCTGGAATTGCTCATGCTGGAGCTTCTGTTGATTTAGCAATTTTTTCTTTACATTTAGCAGGAATTTCTTCTATTTTAGGAGCTGTAAATTTTATTACTACAGTAATTAATATACGACCAGAAGGAATTACCCTT
Arthropoda,Insecta,Diptera,Chironomidae,Cricotopus,NA,haplo_5272,ACTATCCTCTGGAATTGCTCATGCTGGAGCTTCTGTTGATTTAGCAATTTTTTCTTTACATTTAGCAGGAATTTCTTCTATTTTAGGAGCTGTAAATTTTATTACTACAGTAATTAATATACGACCAGAAGGAATTACCCTT
Arthropoda,Insecta,Diptera,Chironomidae,Cricotopus,NA,haplo_5272,ACTATCCTCTGGAATTGCTCATGCTGGAGCTTCTGTTGATTTAGCAATTTTTTCTTTACATTTAGCAGGAATTTCTTCTATTTTAGGAGCTGTAAATTTTATTACTACAGTAATTAATATACGACCAGAAGGAATTACCCTT
Arthropoda,Insecta,Diptera,Chironomidae,Cricotopus,trifascia,haplo_5724,ATTATCACCTGGAATTGCTCACGCTGGAGCTTCAGTTGATTTAGCCATTTTTTCCTTACATTTAGCCGGAATTACTTCTATTTTATGAGCAGTAAATTTTATTACAACTGTAATTAATATACGATCTGAAGGAATTACCTTA
Arthropoda,Insecta,Diptera,Chironomidae,Cricotopus,NA,haplo_5724,ATTATCACCTGGAATTGCTCACGCTGGAGCTTCAGTTGATTTAGCCATTTTTTCCTTACATTTAGCCGGAATTACTTCTATTTTATGAGCAGTAAATTTTATTACAACTGTAATTAATATACGATCTGAAGGAATTACCTTA
Arthropoda,Insecta,Diptera,Chironomidae,Cricotopus,NA,haplo_5724,ATTATCACCTGGAATTGCTCACGCTGGAGCTTCAGTTGATTTAGCCATTTTTTCCTTACATTTAGCCGGAATTACTTCTATTTTATGAGCAGTAAATTTTATTACAACTGTAATTAATATACGATCTGAAGGAATTACCTTA
Arthropoda,Ostracoda,Podocopida,Cyprididae,Cypridopsis,vidua,haplo_6224,CCTATCATCTGGAATTGCCCATGCTGGTGCTTCCGTTGATTTAGCGATTTTTTCACTTCATCTAGCAGGAATTTCATCTATTCTAGGAGCTGTAAATTTTATTACTACAATTATTAATATACGATCTAATGGAATTACTTTT
Arthropoda,Insecta,Diptera,Simuliidae,Simulium,arcticum complex,haplo_6224,CCTATCATCTGGAATTGCCCATGCTGGTGCTTCCGTTGATTTAGCGATTTTTTCACTTCATCTAGCAGGAATTTCATCTATTCTAGGAGCTGTAAATTTTATTACTACAATTATTAATATACGATCTAATGGAATTACTTTT
Arthropoda,Insecta,Diptera,Simuliidae,Simulium,arcticum complex,haplo_6224,CCTATCATCTGGAATTGCCCATGCTGGTGCTTCCGTTGATTTAGCGATTTTTTCACTTCATCTAGCAGGAATTTCATCTATTCTAGGAGCTGTAAATTTTATTACTACAATTATTAATATACGATCTAATGGAATTACTTTT
Arthropoda,Insecta,Diptera,Empididae,Neoplasta,scapularis,haplo_6269,TCTTTCTTCTAGTATCGCTCATGCAGGGGCTTCTGTTGATTTGGCTATTTTTTCTTTACATTTAGCAGGAATTTCTTCAATTTTAGGAGCGGTAAATTTTATTACAACAGTAATTAATATACGATCTGAGGGTATTTCTTTT
Arthropoda,Insecta,Diptera,Chironomidae,Limnophyes,NA,haplo_6269,TCTTTCTTCTAGTATCGCTCATGCAGGGGCTTCTGTTGATTTGGCTATTTTTTCTTTACATTTAGCAGGAATTTCTTCAATTTTAGGAGCGGTAAATTTTATTACAACAGTAATTAATATACGATCTGAGGGTATTTCTTTT
Arthropoda,Insecta,Diptera,Chironomidae,Limnophyes,NA,haplo_6269,TCTTTCTTCTAGTATCGCTCATGCAGGGGCTTCTGTTGATTTGGCTATTTTTTCTTTACATTTAGCAGGAATTTCTTCAATTTTAGGAGCGGTAAATTTTATTACAACAGTAATTAATATACGATCTGAGGGTATTTCTTTT
Arthropoda,Insecta,Coleoptera,Staphylinidae,Oxypoda,longicarinata,haplo_7569,TCTTTATTCTAGTATCGCTCATGCAGGGGCTTCTGTTGATTTGGCTATTTTTTCTTTACATTTAGCAGGAATTTCTTCAATTTTAGGAGCGGTAAATTTTATTACAACAGTAATTAATATACGATCTGAAGGTATTTCTTTT
Arthropoda,Insecta,Diptera,Chironomidae,NA,NA,haplo_6595,TCTATCTTCAGGAATTGCTCACGCTGGAGCTTCAGTTGATTTAGCCATTTTTTCCTTACATTTAGCTGGAATTTCTTCTATTTTAGGAGCAGTAAATTTTATTACAACTGTAATTAATATACGATCTGAAGGAATTACCTTA
Arthropoda,Insecta,Diptera,Chironomidae,Cricotopus,NA,haplo_6595,TCTATCTTCAGGAATTGCTCACGCTGGAGCTTCAGTTGATTTAGCCATTTTTTCCTTACATTTAGCTGGAATTTCTTCTATTTTAGGAGCAGTAAATTTTATTACAACTGTAATTAATATACGATCTGAAGGAATTACCTTA
Arthropoda,Insecta,Diptera,Chironomidae,Cricotopus,NA,haplo_6595,TCTATCTTCAGGAATTGCTCACGCTGGAGCTTCAGTTGATTTAGCCATTTTTTCCTTACATTTAGCTGGAATTTCTTCTATTTTAGGAGCAGTAAATTTTATTACAACTGTAATTAATATACGATCTGAAGGAATTACCTTA
Arthropoda,Insecta,Diptera,Tipulidae,NA,NA,haplo_6798,ATTATCATCTGGAATTGCCCATGCTGGAGGATCCGTTGATTTAGCTATTTTTTCTCTACATTTAGCTGGTATTTCTTCAATTTTAGGAGCTGTAAATTTTATTACAACTGTTATTAATATGCGTTCAGAAGGAATTACACTA
Arthropoda,Insecta,Diptera,Chironomidae,NA,NA,haplo_6798,ATTATCATCTGGAATTGCCCATGCTGGAGGATCCGTTGATTTAGCTATTTTTTCTCTACATTTAGCTGGTATTTCTTCAATTTTAGGAGCTGTAAATTTTATTACAACTGTTATTAATATGCGTTCAGAAGGAATTACACTA
Arthropoda,Insecta,Diptera,Chironomidae,NA,NA,haplo_6798,ATTATCATCTGGAATTGCCCATGCTGGAGGATCCGTTGATTTAGCTATTTTTTCTCTACATTTAGCTGGTATTTCTTCAATTTTAGGAGCTGTAAATTTTATTACAACTGTTATTAATATGCGTTCAGAAGGAATTACACTA
Arthropoda,Insecta,Diptera,Dixidae,NA,NA,haplo_6839,TCTTTCTAGAAACATCTCTCATGCCGGTGCAAGGGTTGATTTAACAATCTTCTCTCTTCATTTAGCCGGGGCTTCTTCAATTTTAGGGGCAATTAATTTTATTACTACTATTATTAATATACGAACTGCTAAAATATCTCTA
Arthropoda,Ostracoda,Podocopida,Cyprididae,NA,NA,haplo_6839,TCTTTCTAGAAACATCTCTCATGCCGGTGCAAGGGTTGATTTAACAATCTTCTCTCTTCATTTAGCCGGGGCTTCTTCAATTTTAGGGGCAATTAATTTTATTACTACTATTATTAATATACGAACTGCTAAAATATCTCTA
Arthropoda,Ostracoda,Podocopida,Cyprididae,NA,NA,haplo_6839,TCTTTCTAGAAACATCTCTCATGCCGGTGCAAGGGTTGATTTAACAATCTTCTCTCTTCATTTAGCCGGGGCTTCTTCAATTTTAGGGGCAATTAATTTTATTACTACTATTATTAATATACGAACTGCTAAAATATCTCTA
Arthropoda,Collembola,Entomobryomorpha,NA,NA,NA,haplo_7247,CCTATCATCTGGAATTGCCCATGCTGGCGCTTCCGTTGATTTAGCAATTTTTTCCCTTCACCTAGCAGGAATTTCATCTATTCTGGGGGCTGTAAATTTTATTACTACAATTATTAATATACGATCTAATGGAATTACTTTT
Arthropoda,Insecta,Diptera,Simuliidae,Simulium,brevicercum,haplo_7247,CCTATCATCTGGAATTGCCCATGCTGGCGCTTCCGTTGATTTAGCAATTTTTTCCCTTCACCTAGCAGGAATTTCATCTATTCTGGGGGCTGTAAATTTTATTACTACAATTATTAATATACGATCTAATGGAATTACTTTT
Arthropoda,Insecta,Diptera,Simuliidae,Simulium,brevicercum,haplo_7247,CCTATCATCTGGAATTGCCCATGCTGGCGCTTCCGTTGATTTAGCAATTTTTTCCCTTCACCTAGCAGGAATTTCATCTATTCTGGGGGCTGTAAATTTTATTACTACAATTATTAATATACGATCTAATGGAATTACTTTT
Arthropoda,Insecta,Diptera,Chironomidae,NA,NA,haplo_7359,ACTTTCCTCTGGAATTGCTCATGCCGGAGCTTCCGTTGATTTAGCAATTTTTTCTTTACACCTAGCAGGTATTTCATCTATTTTAGGAGCTGTAAATTTTATTACAACTGTAATTAATATACGATCTAATGGAATTAGTTTA
Arthropoda,Insecta,Diptera,Chironomidae,Cricotopus,sp. 19ES,haplo_7359,ACTTTCCTCTGGAATTGCTCATGCCGGAGCTTCCGTTGATTTAGCAATTTTTTCTTTACACCTAGCAGGTATTTCATCTATTTTAGGAGCTGTAAATTTTATTACAACTGTAATTAATATACGATCTAATGGAATTAGTTTA
Arthropoda,Insecta,Diptera,Chironomidae,Cricotopus,sp. 19ES,haplo_7359,ACTTTCCTCTGGAATTGCTCATGCCGGAGCTTCCGTTGATTTAGCAATTTTTTCTTTACACCTAGCAGGTATTTCATCTATTTTAGGAGCTGTAAATTTTATTACAACTGTAATTAATATACGATCTAATGGAATTAGTTTA
Arthropoda,Insecta,Diptera,Hippoboscidae,Megastrebla,wenzeli,haplo_7489,TCTGTCTTCAAATATTGCTCATGCAGGAGCTTCGGTAGATTTAGCTATTTTTTCACTTCATCTCGCAGGTATTTCTTCTATTTTAGGAGCTGTAAATTTTATTACTACTGTTATTAATATGCGGTCTGAAGGAATTTCTTTA
Arthropoda,Insecta,Diptera,Chironomidae,Corynoneura,NA,haplo_7489,TCTGTCTTCAAATATTGCTCATGCAGGAGCTTCGGTAGATTTAGCTATTTTTTCACTTCATCTCGCAGGTATTTCTTCTATTTTAGGAGCTGTAAATTTTATTACTACTGTTATTAATATGCGGTCTGAAGGAATTTCTTTA
Arthropoda,Insecta,Diptera,Chironomidae,Corynoneura,NA,haplo_7489,TCTGTCTTCAAATATTGCTCATGCAGGAGCTTCGGTAGATTTAGCTATTTTTTCACTTCATCTCGCAGGTATTTCTTCTATTTTAGGAGCTGTAAATTTTATTACTACTGTTATTAATATGCGGTCTGAAGGAATTTCTTTA
Arthropoda,Insecta,Diptera,Chironomidae,NA,NA,haplo_7578,ACTATCTTCTGGAATAGCTCATGCTGGGGCTTCTGTTGATTTAGCAATTTTTTCTTTACATTTAGCAGGAATTTCTTCTATTTTAGGAGCTGTAAATTTTATTACTACTGTAATTAATATACGATCAGAAGGAATTACTCTT
Arthropoda,Insecta,Diptera,Chironomidae,Cricotopus,bicinctus grp.,haplo_7578,ACTATCTTCTGGAATAGCTCATGCTGGGGCTTCTGTTGATTTAGCAATTTTTTCTTTACATTTAGCAGGAATTTCTTCTATTTTAGGAGCTGTAAATTTTATTACTACTGTAATTAATATACGATCAGAAGGAATTACTCTT
Arthropoda,Insecta,Diptera,Chironomidae,Cricotopus,bicinctus grp.,haplo_7578,ACTATCTTCTGGAATAGCTCATGCTGGGGCTTCTGTTGATTTAGCAATTTTTTCTTTACATTTAGCAGGAATTTCTTCTATTTTAGGAGCTGTAAATTTTATTACTACTGTAATTAATATACGATCAGAAGGAATTACTCTT
Arthropoda,Insecta,Diptera,Chironomidae,Psilometriocnemus,NA,haplo_8208,CCTTTCTTCTGGAATTGCTCATGCCGGAGCGTCAGTTGATTTAGCAATTTTTTCTTTACATTTAGCTGGAATTTCTTCTATTTTAGGAGCAGTAAATTTTATTACAACAGTAATTAATATACGTTCAAGAGGAATCACTTTA
Arthropoda,Insecta,Diptera,Chironomidae,NA,NA,haplo_8223,TCTTTCTTCAGGAACAGCTCATGCTGGAGCTTCAGTTGACTTAACAATTTTTTCTCTTCATTTAGCAGGAGTTTCTTCTATTTTAGGAGCAGTAAATTTTATTACTACAGTAATTAATATACGATCATCAGGAATTACTCTT
Arthropoda,Insecta,Diptera,Chironomidae,Orthocladius,NA,haplo_8224,ATTATCATCTGGAATTGCTCACGCCGGAGCATCTGTTGATTTAGCTATTTTTTCTTTACATTTAGCAGGAATTTCTTCTATTTTAGGAGCTGTTAATTTTATTACTACAGTTATCAATATGCGTTCAAACGGTATTACATTA
Arthropoda,Insecta,Diptera,Chironomidae,Orthocladius,NA,haplo_8224,ATTATCATCTGGAATTGCTCACGCCGGAGCATCTGTTGATTTAGCTATTTTTTCTTTACATTTAGCAGGAATTTCTTCTATTTTAGGAGCTGTTAATTTTATTACTACAGTTATCAATATGCGTTCAAACGGTATTACATTA
Rhodophyta,Florideophyceae,Ceramiales,Rhodomelaceae,Chondria,cnicophylla,haplo_8249,TCTATCTTCCGGAATTGCTCATGCCGGAGCTTCAGTAGATTTAGCTATCTTTTCCCTCCATTTAGCAGGAATTTCTTCAATCTTGGGAGCAGTAAATTTTATCACCACAGTAATTAATATACGATCAGAAGGAATTTCTTTA
Arthropoda,Insecta,Diptera,Chironomidae,Orthocladius,NA,haplo_8297,TTTATCAGCTAATATTACTCATAGAGGTGCTCCTGTTGATTAAGCTATTTTAAGATTACATTTAGCTGGTATTTCATCTATTTTAGGGGCAGTAAATTTTATTACTACAACTATTAATATACGAGCTACTGGAATAACTTTA
Arthropoda,Insecta,Diptera,Chironomidae,NA,NA,haplo_8389,CCTTGCTTCTACAATAGCTCATAGAGGAGCTTCAGTAGACCTCGCTATTTTTTCTTTACACATAGCCGGAGCCTCCTCTATTTTAGGGGCTGTTAATTTTATTTCTACTGTAATAAATATAAAAGTAGAAGATGCTTCCATA
Arthropoda,Insecta,Diptera,Anisopodidae,Sylvicola,alternatus,haplo_8391,ACTTTCTTCTAATATTGCTCATAGAGGAGCATCTGTAGACTTAGCAATTTTTTCATTACATTTAGCAGGAGTTTCATCAATTTTAGGTTCAGTAAATTTTATTACAACTGTTATTAATATACGCTCTAATGGAATTACTCTT
Arthropoda,Insecta,Diptera,Tachinidae,NA,NA,haplo_8423,GCTATCAGCAGGTATTGCTCATGGAGGAGCTTCTGTAGATCTAGCAATTTTCTCTTTACATTTAGCTGGAATTTCTTCTATTTTAGGAGCAGTAAATTTCATTACTACAGTTATTAATATGCGAGCTACTGGGATTACATTT
Arthropoda,Insecta,Lepidoptera,Tineidae,Acrolophus,laticapitana,haplo_8448,CTTATCAGCGGGTATTGCACATGCTGGAGCATCTGTTGATTTAGCAATTTTTTCGCTTCATTTAGCTGGAGTTTCTTCAATTCTTGGTGCTGTTAATTTTATTACAACTACCATCAATATACGAACCCCTGGTATAACAATA
